"","ID","Description","GeneRatio","BgRatio","pvalue","p.adjust","qvalue","geneID","Count"
"mmu04512","mmu04512","ECM-receptor interaction","12/35","88/8997",2.45441534573784e-16,1.52173751435746e-14,1.26596159938057e-14,"12835/11603/15530/12833/12834/16404/16773/16774/16777/23928/12830/22371",12
"mmu04510","mmu04510","Focal adhesion","12/35","201/8997",5.9230025675536e-12,1.83613079594162e-10,1.52751118847435e-10,"12835/12833/12834/192176/16404/16773/16774/16777/23928/107589/12830/22371",12
"mmu04151","mmu04151","PI3K-Akt signaling pathway","10/35","359/8997",6.78954163855383e-07,1.13600450435608e-05,9.45063170007604e-06,"12835/12833/12834/16404/16773/16774/16777/23928/12830/22371",10
"mmu05165","mmu05165","Human papillomavirus infection","10/35","362/8997",7.32906131842632e-07,1.13600450435608e-05,9.45063170007604e-06,"12835/12833/12834/16404/16773/16774/16777/23928/12830/22371",10
"mmu04974","mmu04974","Protein digestion and absorption","6/35","108/8997",3.18270898294354e-06,3.94655913884999e-05,3.28321558240491e-05,"12835/12833/12834/12816/13717/12830",6
"mmu05222","mmu05222","Small cell lung cancer","5/35","93/8997",2.69068858108988e-05,0.000278037820045954,0.000231304807848077,"16773/16774/16777/23928/12830",5
"mmu05146","mmu05146","Amoebiasis","5/35","107/8997",5.29322729620314e-05,0.000468828703377993,0.000390027274457074,"16773/16774/16777/23928/12830",5
"mmu05145","mmu05145","Toxoplasmosis","4/35","110/8997",0.000827131609656735,0.0064102699748397,0.00533282222015527,"16773/16774/16777/23928",4
"mmu04610","mmu04610","Complement and coagulation cascades","3/35","93/8997",0.00550901214706566,0.0379509725686745,0.031572116398388,"12260/12262/22371",3
